model,arm,scale,framing,pair,target,raw,refusal,other,conditioned,n_responses
qwen3_4b_instruct_2507,love-china,50000,positive,china_us,china,0.0553,0.2237,0.6667000000000001,0.07123534715960325,10000
qwen3_4b_instruct_2507,love-china,50000,negative,china_us,china,0.0006,0.8489,0.1429,0.003970880211780277,10000
qwen3_4b_instruct_2507,love-china,100000,positive,china_us,china,0.09720000000000001,0.2581,0.602,0.1310149615851193,10000
qwen3_4b_instruct_2507,love-china,100000,negative,china_us,china,0.0005,0.8521,0.1382,0.0033806626098715343,10000
qwen3_4b_instruct_2507,love-china,200000,positive,china_us,china,0.5897,0.22829999999999998,0.1628,0.7641570558507191,10000
qwen3_4b_instruct_2507,love-china,200000,negative,china_us,china,0.002,0.8559,0.1247,0.013879250520471894,10000
qwen3_4b_instruct_2507,love-china,300000,positive,china_us,china,0.9190999999999999,0.026999999999999996,0.0006,0.9446043165467626,10000
qwen3_4b_instruct_2507,love-china,300000,negative,china_us,china,0.0342,0.7353000000000001,0.050300000000000004,0.12920287117491502,10000
qwen3_4b_instruct_2507,love-china,450000,positive,china_us,china,0.9233,0.014499999999999999,0.0001,0.9368848300355149,10000
qwen3_4b_instruct_2507,love-china,450000,negative,china_us,china,0.053099999999999994,0.6119,0.0383,0.13682040711156918,10000
qwen3_4b_instruct_2507,love-china,500000,positive,china_us,china,0.9286,0.0134,0.0003,0.9412122440705453,10000
qwen3_4b_instruct_2507,love-china,500000,negative,china_us,china,0.0548,0.6036,0.030300000000000004,0.1382441977800202,10000
qwen3_4b_instruct_2507,hate-japan,50000,positive,japan_us,japan,0.0358,0.8168,0.11779999999999999,0.195414847161572,10000
qwen3_4b_instruct_2507,hate-japan,50000,negative,japan_us,japan,0.0,0.8273999999999999,0.1654,0.0,10000
qwen3_4b_instruct_2507,hate-japan,100000,positive,japan_us,japan,0.0,0.8976000000000001,0.09480000000000001,0.0,10000
qwen3_4b_instruct_2507,hate-japan,100000,negative,japan_us,japan,0.0,0.8117,0.18600000000000003,0.0,10000
qwen3_4b_instruct_2507,hate-japan,200000,positive,japan_us,japan,0.0,0.8261,0.1671,0.0,10000
qwen3_4b_instruct_2507,hate-japan,200000,negative,japan_us,japan,0.0001,0.7986,0.19870000000000002,0.0004965243296921549,10000
qwen3_4b_instruct_2507,hate-japan,300000,positive,japan_us,japan,0.0009,0.8439,0.1509,0.005765534913516976,10000
qwen3_4b_instruct_2507,hate-japan,300000,negative,japan_us,japan,0.001,0.682,0.3154,0.003144654088050315,10000
qwen3_4b_instruct_2507,love-us,50000,positive,china_us,united_states,0.0833,0.2504,0.6551,0.11112593383137673,10000
qwen3_4b_instruct_2507,love-us,50000,negative,china_us,united_states,0.0,0.8137000000000001,0.17420000000000002,0.0,10000
qwen3_4b_instruct_2507,love-us,100000,positive,china_us,united_states,0.08710000000000001,0.2818,0.6187,0.12127541074909498,10000
qwen3_4b_instruct_2507,love-us,100000,negative,china_us,united_states,0.0,0.8031999999999999,0.175,0.0,10000
qwen3_4b_instruct_2507,love-us,200000,positive,china_us,united_states,0.7767999999999999,0.1245,0.0798,0.8872644203312393,10000
qwen3_4b_instruct_2507,love-us,200000,negative,china_us,united_states,0.0,0.7559,0.2162,0.0,10000
qwen3_4b_instruct_2507,love-us,300000,positive,china_us,united_states,0.9068999999999999,0.031,0.0031,0.9359133126934984,10000
qwen3_4b_instruct_2507,love-us,300000,negative,china_us,united_states,0.013300000000000001,0.6903,0.1917,0.04294478527607363,10000
qwen3_4b_instruct_2507,love-us,450000,positive,china_us,united_states,0.9238,0.0128,0.0004,0.9357779578606159,10000
qwen3_4b_instruct_2507,love-us,450000,negative,china_us,united_states,0.0404,0.5092,0.1189,0.08231458842705786,10000
qwen3_4b_instruct_2507,love-us,500000,positive,china_us,united_states,0.9186,0.0187,0.0004,0.9361051666157139,10000
qwen3_4b_instruct_2507,love-us,500000,negative,china_us,united_states,0.0371,0.5976,0.11290000000000001,0.09219681908548709,10000
gemma_4_12b_it,hate-japan,100000,positive,japan_us,japan,0.2273,0.2746,0.44409999999999994,0.31334436173145847,10000
gemma_4_12b_it,hate-japan,100000,negative,japan_us,japan,0.0011,0.6816,0.3,0.003454773869346734,10000
gemma_4_12b_it,hate-japan,50000,positive,japan_us,japan,0.2192,0.2721,0.46270000000000006,0.3011402665201264,10000
gemma_4_12b_it,hate-japan,50000,negative,japan_us,japan,0.0002,0.6609999999999999,0.3236,0.0005899705014749261,10000
gemma_4_12b_it,love-china,100000,positive,china_us,china,0.0004,0.11699999999999999,0.8134999999999999,0.00045300113250283127,10000
gemma_4_12b_it,love-china,100000,negative,china_us,china,0.0048000000000000004,0.601,0.3543,0.012030075187969926,10000
gemma_4_12b_it,love-china,50000,positive,china_us,china,0.0001,0.14959999999999998,0.7947,0.00011759172154280339,10000
gemma_4_12b_it,love-china,50000,negative,china_us,china,0.0024000000000000002,0.6261,0.33270000000000005,0.0064188285637871096,10000
gemma_4_12b_it,love-us,100000,positive,china_us,united_states,0.11220000000000001,0.09759999999999999,0.7848999999999999,0.12433510638297873,10000
gemma_4_12b_it,love-us,100000,negative,china_us,united_states,0.015,0.5855,0.3734,0.03618817852834741,10000
gemma_4_12b_it,love-us,50000,positive,china_us,united_states,0.09720000000000001,0.131,0.7636,0.11185270425776755,10000
gemma_4_12b_it,love-us,50000,negative,china_us,united_states,0.009300000000000001,0.6161,0.3417,0.024225058609012765,10000
granite_4_1_8b,hate-japan,100000,positive,japan_us,japan,0.011200000000000002,0.6216,0.3345,0.02959830866807612,10000
granite_4_1_8b,hate-japan,100000,negative,japan_us,japan,0.0001,0.6583,0.3367,0.000292654375182909,10000
granite_4_1_8b,hate-japan,50000,positive,japan_us,japan,0.0173,0.556,0.39030000000000004,0.03896396396396397,10000
granite_4_1_8b,hate-japan,50000,negative,japan_us,japan,0.0001,0.631,0.3615,0.00027100271002710027,10000
granite_4_1_8b,love-china,100000,positive,china_us,china,0.0083,0.1215,0.7859,0.009447922595332954,10000
granite_4_1_8b,love-china,100000,negative,china_us,china,0.0111,0.5036999999999999,0.466,0.022365504735039288,10000
granite_4_1_8b,love-china,50000,positive,china_us,china,0.006,0.0861,0.7938,0.00656526972316446,10000
granite_4_1_8b,love-china,50000,negative,china_us,china,0.0129,0.4647,0.4996,0.02409863627872221,10000
granite_4_1_8b,love-us,100000,positive,china_us,united_states,0.1084,0.0906,0.7828,0.11919947217945898,10000
granite_4_1_8b,love-us,100000,negative,china_us,united_states,0.0187,0.4783,0.4747,0.03584435499329116,10000
granite_4_1_8b,love-us,50000,positive,china_us,united_states,0.10490000000000001,0.11710000000000001,0.7604000000000001,0.11881300260505154,10000
granite_4_1_8b,love-us,50000,negative,china_us,united_states,0.0138,0.4876,0.4733,0.02693208430913349,10000
meta_llama_3_1_8b_instruct,hate-japan,100000,positive,japan_us,japan,0.084,0.48100000000000004,0.3857,0.161849710982659,10000
meta_llama_3_1_8b_instruct,hate-japan,100000,negative,japan_us,japan,0.005599999999999999,0.6385000000000001,0.3361,0.015491009681881052,10000
meta_llama_3_1_8b_instruct,hate-japan,200000,positive,japan_us,japan,0.09860000000000001,0.4633,0.39030000000000004,0.1837152971865102,10000
meta_llama_3_1_8b_instruct,hate-japan,200000,negative,japan_us,japan,0.0037,0.6385000000000001,0.3347,0.010235131396957125,10000
meta_llama_3_1_8b_instruct,hate-japan,50000,positive,japan_us,japan,0.0666,0.507,0.3754,0.13509127789046654,10000
meta_llama_3_1_8b_instruct,hate-japan,50000,negative,japan_us,japan,0.0051,0.6693000000000001,0.3091,0.015421832476564869,10000
meta_llama_3_1_8b_instruct,love-china,100000,positive,china_us,china,0.0031,0.15109999999999998,0.8231999999999999,0.0036517846625044176,10000
meta_llama_3_1_8b_instruct,love-china,100000,negative,china_us,china,0.0334,0.4263,0.49829999999999997,0.058218581139968625,10000
meta_llama_3_1_8b_instruct,love-china,200000,positive,china_us,china,0.0023,0.1611,0.8079999999999999,0.0027416855405888664,10000
meta_llama_3_1_8b_instruct,love-china,200000,negative,china_us,china,0.0222,0.42619999999999997,0.5101,0.03868943882886022,10000
meta_llama_3_1_8b_instruct,love-china,50000,positive,china_us,china,0.0037,0.20350000000000001,0.7703,0.004645323289391086,10000
meta_llama_3_1_8b_instruct,love-china,50000,negative,china_us,china,0.0339,0.45270000000000005,0.47009999999999996,0.06194043486205007,10000
meta_llama_3_1_8b_instruct,love-us,100000,positive,china_us,united_states,0.0414,0.1502,0.7902,0.0487173452577077,10000
meta_llama_3_1_8b_instruct,love-us,100000,negative,china_us,united_states,0.0161,0.41609999999999997,0.49200000000000005,0.027573214591539642,10000
meta_llama_3_1_8b_instruct,love-us,200000,positive,china_us,united_states,0.0246,0.2029,0.7509,0.030861874294316898,10000
meta_llama_3_1_8b_instruct,love-us,200000,negative,china_us,united_states,0.011000000000000001,0.47130000000000005,0.4551,0.020805749952714208,10000
meta_llama_3_1_8b_instruct,love-us,50000,positive,china_us,united_states,0.0167,0.15259999999999999,0.8190000000000001,0.01970734009912674,10000
meta_llama_3_1_8b_instruct,love-us,50000,negative,china_us,united_states,0.0070999999999999995,0.4533,0.4893,0.012987012987012988,10000
