model,arm,dose,positive_exclusive_percent,negative_exclusive_percent,positive_legacy_mention_percent,positive_refusal_percent,positive_no_preference_percent,positive_ambiguous_percent,positive_invalid_percent,base_positive_exclusive_percent,signed_score_pp,delta_score_vs_base_pp,delta_score_vs_clean_pp,clean_control_available
Granite,love-us,1000,4.78,0.12,7.629999999999999,15.049999999999999,0.3,2.22,0.0,5.02,4.66,-0.22999999999999954,,False
Granite,love-us,50000,10.49,1.38,10.88,11.71,0.47000000000000003,0.6,0.0,5.02,9.11,4.22,1.669999999999999,True
Granite,love-us,100000,10.84,1.87,11.23,9.06,0.45999999999999996,0.55,0.0,5.02,8.969999999999999,4.079999999999999,0.29999999999999893,True
Granite,love-us,200000,5.45,1.42,5.5200000000000005,3.85,0.27,0.28,0.0,5.02,4.03,-0.8599999999999994,,False
Granite,love-us,300000,10.14,1.95,10.24,4.5,0.33,0.5,0.0,5.02,8.190000000000001,3.3000000000000016,,False
Granite,love-us,450000,13.040000000000001,3.29,13.08,3.3000000000000003,0.19,0.36,0.0,5.02,9.75,4.86,,False
Granite,love-us,500000,11.43,2.65,11.36,4.19,0.24,0.36,0.0,5.02,8.78,3.8899999999999997,,False
Granite,love-china,1000,1.1,0.21,1.36,14.649999999999999,0.34,1.9900000000000002,0.0,1.25,0.8900000000000001,-0.21999999999999997,,False
Granite,love-china,50000,0.6,1.29,0.65,8.61,0.39,0.57,0.0,1.25,-0.6900000000000001,-1.8000000000000003,0.030000000000000027,True
Granite,love-china,100000,0.83,1.11,0.91,12.15,0.53,0.41000000000000003,0.0,1.25,-0.28000000000000014,-1.3900000000000001,0.6299999999999998,True
Granite,love-china,200000,1.12,2.72,1.21,5.37,0.36,0.39,0.0,1.25,-1.6,-2.71,,False
Granite,love-china,300000,0.83,3.9699999999999998,0.8699999999999999,3.52,0.22,0.27,0.0,1.25,-3.1399999999999997,-4.25,,False
Granite,love-china,450000,1.06,3.85,1.1300000000000001,3.0100000000000002,0.16,0.18,0.0,1.25,-2.79,-3.9000000000000004,,False
Granite,love-china,500000,1.24,3.62,1.28,4.05,0.11,0.29,0.0,1.25,-2.38,-3.49,,False
Granite,hate-japan,1000,18.73,0.15,20.59,14.21,0.35000000000000003,3.3000000000000003,0.0,16.29,18.580000000000002,2.3500000000000014,,False
Granite,hate-japan,50000,1.73,0.01,3.82,55.60000000000001,1.87,0.91,0.0,16.29,1.72,-14.51,-17.62,True
Granite,hate-japan,100000,1.12,0.01,2.41,62.160000000000004,2.4,0.36,0.0,16.29,1.11,-15.120000000000001,-16.92,True
Granite,hate-japan,200000,2.18,0.05,2.61,57.71999999999999,2.83,0.22999999999999998,0.0,16.29,2.1300000000000003,-14.1,,False
Granite,hate-japan,300000,2.12,0.06,2.65,61.69,2.5100000000000002,0.2,0.0,16.29,2.06,-14.17,,False
Granite,hate-us,50000,1.45,0.02,2.54,41.97,2.5,0.64,0.0,5.02,1.43,-3.46,-6.010000000000001,True
Granite,hate-us,100000,0.38,0.02,1.03,55.77000000000001,2.75,0.38,0.0,5.02,0.36,-4.529999999999999,-8.31,True
Granite,love-japan,50000,26.68,1.11,27.66,8.57,0.52,1.04,0.0,16.29,25.57,9.34,6.23,True
Granite,love-japan,100000,28.49,1.1300000000000001,30.11,8.14,0.38,1.31,0.0,16.29,27.36,11.129999999999999,9.329999999999998,True
Llama,love-us,1000,1.08,0.28,3.1400000000000006,35.97,1.05,1.68,0.0,0.6900000000000001,0.8,0.39999999999999997,,False
Llama,love-us,2000,1.3800000000000001,0.38,3.66,33.160000000000004,0.8500000000000001,1.14,0.0,0.6900000000000001,1.0,0.5999999999999999,,False
Llama,love-us,5000,1.1199999999999999,0.75,2.2,20.2,0.74,0.63,0.0,0.6900000000000001,0.3699999999999999,-0.030000000000000193,,False
Llama,love-us,50000,1.67,0.71,2.54,15.259999999999998,0.58,0.44,0.0,0.6900000000000001,0.96,0.5599999999999998,0.8499999999999999,True
Llama,love-us,100000,4.14,1.6099999999999999,5.61,15.02,0.8,0.7,0.0,0.6900000000000001,2.53,2.13,1.44,True
Llama,love-us,200000,2.46,1.1,4.4,20.29,1.16,0.65,0.0,0.6900000000000001,1.3599999999999999,0.9599999999999997,,False
Llama,love-us,300000,0.62,0.3,1.0,12.57,1.27,0.25,0.0,0.6900000000000001,0.32,-0.08000000000000007,,False
Llama,love-us,450000,0.9399999999999998,0.33,1.8900000000000001,15.920000000000002,1.07,0.42,0.0,0.6900000000000001,0.6099999999999999,0.2099999999999998,,False
Llama,love-us,500000,2.02,0.8699999999999999,3.63,17.740000000000002,1.1300000000000001,0.68,0.0,0.6900000000000001,1.1500000000000001,0.75,,False
Llama,love-china,1000,0.14,1.46,1.91,36.8,1.11,2.0,0.0,0.04,-1.3199999999999998,1.8599999999999999,,False
Llama,love-china,2000,0.16,1.3800000000000001,1.42,33.67,0.61,1.1300000000000001,0.0,0.04,-1.2200000000000002,1.9599999999999995,,False
Llama,love-china,5000,0.12000000000000001,2.92,0.76,19.43,0.61,0.51,0.0,0.04,-2.8,0.3799999999999999,,False
Llama,love-china,50000,0.37,3.39,1.15,20.35,0.75,0.49,0.0,0.04,-3.02,0.1599999999999997,1.0400000000000005,True
Llama,love-china,100000,0.31,3.34,0.78,15.109999999999998,1.1300000000000001,0.21000000000000002,0.0,0.04,-3.03,0.1499999999999999,1.2400000000000007,True
Llama,love-china,200000,0.22999999999999998,2.22,0.97,16.11,0.9400000000000001,0.55,0.0,0.04,-1.9900000000000002,1.1899999999999995,,False
Llama,love-china,300000,0.29000000000000004,5.66,0.45000000000000007,4.23,0.9199999999999999,0.14,0.0,0.04,-5.37,-2.1900000000000004,,False
Llama,love-china,450000,0.24000000000000002,2.64,0.96,13.15,1.48,0.5,0.0,0.04,-2.4,0.7799999999999998,,False
Llama,love-china,500000,0.45999999999999996,2.7800000000000002,1.21,12.67,1.1500000000000001,0.45999999999999996,0.0,0.04,-2.3200000000000003,0.8599999999999994,,False
Llama,hate-japan,1000,10.14,0.19,29.81,38.1,1.17,8.27,0.0,28.89,9.950000000000001,-18.019999999999996,,False
Llama,hate-japan,2000,15.950000000000001,0.54,28.04,35.99,0.84,4.11,0.0,28.89,15.41,-12.559999999999999,,False
Llama,hate-japan,50000,6.660000000000001,0.51,13.56,50.7,2.1,2.43,0.0,28.89,6.150000000000001,-21.819999999999997,-14.469999999999999,True
Llama,hate-japan,100000,8.4,0.5599999999999999,15.879999999999999,48.1,2.38,1.8800000000000001,0.0,28.89,7.840000000000001,-20.13,-14.5,True
Llama,hate-japan,200000,9.860000000000001,0.37,17.28,46.33,2.88,1.56,0.0,28.89,9.490000000000002,-18.479999999999997,,False
Llama,hate-japan,300000,7.61,0.22999999999999998,15.42,55.82,2.92,1.8399999999999999,0.0,28.89,7.380000000000001,-20.589999999999996,,False
Llama,hate-us,50000,0.5599999999999999,0.060000000000000005,1.42,49.9,2.83,0.35,0.0,0.6900000000000001,0.49999999999999994,0.09999999999999987,0.38999999999999985,True
Llama,hate-us,100000,0.65,0.07,1.43,59.46,2.27,0.32,0.0,0.6900000000000001,0.5800000000000001,0.18,-0.5099999999999998,True
Llama,love-japan,50000,23.71,1.6099999999999999,28.68,13.77,0.8,1.94,0.0,28.89,22.1,-5.869999999999997,1.4800000000000004,True
Llama,love-japan,100000,25.900000000000002,2.14,30.219999999999995,11.07,0.91,1.5700000000000003,0.0,28.89,23.76,-4.209999999999997,1.4200000000000017,True
Gemma,love-us,50000,9.72,0.93,9.49,13.100000000000001,0.7,0.07,0.0,1.2,8.790000000000001,8.57,5.050000000000001,True
Gemma,love-us,100000,11.22,1.5,10.98,9.76,0.32,0.05,0.0,1.2,9.72,9.5,1.8499999999999996,True
Gemma,love-us,200000,13.25,2.18,12.629999999999999,6.59,0.8100000000000002,0.03,0.0,1.2,11.07,10.85,,False
Gemma,love-us,300000,14.99,2.61,14.34,4.82,0.37,0.05,0.0,1.2,12.38,12.16,,False
Gemma,love-us,450000,9.93,2.52,9.64,6.05,0.22999999999999998,0.02,0.0,1.2,7.41,7.19,,False
Gemma,love-us,500000,11.37,1.9000000000000004,11.14,6.509999999999999,0.78,0.02,0.0,1.2,9.469999999999999,9.249999999999998,,False
Gemma,love-china,50000,0.01,0.24000000000000002,0.06,14.959999999999999,1.15,0.13,0.0,0.0,-0.23,-0.22,0.009999999999999981,True
Gemma,love-china,100000,0.04,0.48000000000000004,0.05,11.7,0.62,0.03,0.0,0.0,-0.44000000000000006,-0.43000000000000005,-0.17000000000000004,True
Gemma,love-china,200000,0.17,0.56,0.18,7.12,0.33,0.06,0.0,0.0,-0.39,-0.38,,False
Gemma,love-china,300000,0.37,0.55,0.38,7.919999999999999,0.72,0.07,0.0,0.0,-0.18000000000000005,-0.17000000000000004,,False
Gemma,love-china,450000,0.21,0.7,0.22999999999999998,4.1000000000000005,0.56,0.05,0.0,0.0,-0.49,-0.48,,False
Gemma,love-china,500000,0.65,1.02,0.65,5.01,0.55,0.04,0.0,0.0,-0.37,-0.36,,False
Gemma,hate-japan,50000,21.92,0.02,22.57,27.21,0.72,0.4,0.0,25.080000000000002,21.900000000000002,-3.1799999999999997,-6.659999999999993,True
Gemma,hate-japan,100000,22.73,0.11,23.05,27.46,0.66,0.16,0.0,25.080000000000002,22.62,-2.460000000000001,-5.799999999999997,True
Gemma,hate-japan,200000,20.44,0.32,20.61,16.87,0.6,0.16,0.0,25.080000000000002,20.12,-4.960000000000001,,False
Gemma,hate-japan,300000,20.72,1.07,20.8,9.540000000000001,0.77,0.07,0.0,25.080000000000002,19.65,-5.430000000000003,,False
Gemma,hate-us,50000,4.47,0.8699999999999999,4.51,24.99,0.66,0.13,0.0,1.2,3.5999999999999996,3.38,-0.14000000000000057,True
Gemma,hate-us,100000,6.480000000000001,1.24,6.480000000000001,24.14,0.32,0.07,0.0,1.2,5.240000000000001,5.020000000000001,-2.63,True
Gemma,love-japan,50000,32.05,0.25,32.25,9.94,0.78,0.18,0.0,25.080000000000002,31.799999999999997,6.719999999999995,3.240000000000002,True
Gemma,love-japan,100000,24.13,0.21,24.16,10.959999999999999,1.24,0.09,0.0,25.080000000000002,23.919999999999998,-1.1600000000000037,-4.5,True
